Tier,Keyword,Country,Volume,KD,Traffic potential,CPC (USD),Intent,Cluster,Target page,Notes
1 Commercial pages,aeo agency,US,1900,11,350,14,Hire,AEO/GEO & SEO,/aeo-agency (new),A Reddit thread holds #1 and the category is young; study Marcel Digital's AEO page
1 Commercial pages,geo agency,US,1800,17,450,13,Hire,AEO/GEO & SEO,/aeo-agency,
1 Commercial pages,generative engine optimization services,US,3000,0,2000,20,Hire,AEO/GEO & SEO,/aeo-agency,CPC $20 is the highest in the set
1 Commercial pages,generative engine optimization agency,US,2200,15,1500,,Hire,AEO/GEO & SEO,/aeo-agency,
1 Commercial pages,answer engine optimization services,US,1300,12,1400,,Hire,AEO/GEO & SEO,/aeo-agency,
1 Commercial pages,ai seo agency,US,3800,10,350,9,Hire,AEO/GEO & SEO,/aeo-agency,
1 Commercial pages,saas web design agency,US,900,4,50,18,Hire,SaaS web design,/b2b-saas-web-design (new),"AI Overview, then Striped Horse at #2 (DR 37): a dedicated page can beat bigger domains"
1 Commercial pages,saas website design agency,US,1100,0,0,,Hire,SaaS web design,/b2b-saas-web-design,
1 Commercial pages,fintech web design agency,US,200,2,,,Hire,SaaS web design,/fintech-web-design (new),Vertical page
1 Commercial pages,cybersecurity website design,US,150,0,100,,Hire,SaaS web design,/cybersecurity-web-design (new),Vertical page
1 Commercial pages,webflow seo agency,US,200,1,300,16,Hire,AEO/GEO & SEO,/growth,Base-camp page: the best agency page earns about 120 visits a month
1 Commercial pages,webflow seo expert,US,250,0,70,,Hire,AEO/GEO & SEO,/growth,Variant of webflow seo agency
1 Commercial pages,webflow seo company,US,350,4,100,,Hire,AEO/GEO & SEO,/growth,Variant of webflow seo agency
1 Commercial pages,webflow seo services,US,350,0,0,,Hire,AEO/GEO & SEO,/growth,Variant of webflow seo agency
1 Commercial pages,b2b saas seo agency,US,1400,9,200,,Hire,AEO/GEO & SEO,/growth,
1 Commercial pages,wordpress to webflow migration,US,250,0,250,,Hire,Webflow build,/webflow-migration (new),
1 Commercial pages,wordpress to webflow,US,150,0,150,4.5,Hire,Webflow build,/webflow-migration,Variant
1 Commercial pages,convert wordpress to webflow,US,150,0,250,,Hire,Webflow build,/webflow-migration,Variant
1 Commercial pages,migrate wordpress to webflow,US,100,0,250,,Hire,Webflow build,/webflow-migration,Variant
1 Commercial pages,migrate from wordpress to webflow,US,100,0,,,Hire,Webflow build,/webflow-migration,Variant
1 Commercial pages,webflow maintenance service,US,200,2,,,Hire,Support,/ongoing-website-support,
2 Head terms,webflow agency,US,1700,7,1300,13,Hire,Webflow build,Home,"Closed for now: listicles and big domains hold the SERP, so get listed instead"
2 Head terms,webflow development agency,US,1300,6,600,14,Hire,Webflow build,/custom-websites-migrations,
2 Head terms,webflow design agency,US,1300,7,117000,15,Hire,Webflow build,/custom-websites-migrations,"Ignore the 117,000 traffic potential: it comes from the parent topic ""webflow"""
2 Head terms,webflow web design agency,US,600,10,600,,Hire,Webflow build,/custom-websites-migrations,
2 Head terms,webflow expert,US,350,6,900,11,Hire,Webflow build,Home,
2 Head terms,b2b web design,US,1800,7,2200,,Hire,SaaS web design,/b2b-saas-web-design,
2 Head terms,b2b website design agency,US,900,9,2700,0.35,Hire,SaaS web design,/b2b-saas-web-design,
2 Head terms,website redesign agency,US,1200,0,1900,,Hire,SaaS web design,/b2b-saas-web-design,
2 Head terms,saas seo agency,US,3500,1,200,9,Hire,AEO/GEO & SEO,/growth,"Traffic potential is 200 against 3,500 searches: treat the volume as inflated"
2 Head terms,ai seo services,US,4900,19,1800,,Hire,AEO/GEO & SEO,/aeo-agency,
3 Citation assets,webflow vs wordpress,US,2500,4,2400,0.8,Compare,Webflow build,Comparison guide for B2B teams,AI Overview cites agency pages; a B2B-angled guide can be cited with few links
3 Citation assets,webflow alternatives,US,900,3,100,,Compare,Webflow build,Comparison series,
3 Citation assets,framer vs webflow,US,700,5,250,,Compare,Webflow build,Comparison series,
3 Citation assets,webflow vs squarespace,US,500,3,200,,Compare,Webflow build,Comparison series,
3 Citation assets,webflow vs wix,US,450,3,300,,Compare,Webflow build,Comparison series,
3 Citation assets,webflow pricing,US,6300,24,2400,2,Learn,Webflow build,Pricing guide,
3 Citation assets,webflow plans,US,400,36,9200,4,Learn,Webflow build,Pricing guide,Parent topic of webflow pricing
3 Citation assets,website redesign cost,US,800,9,250,,Learn,SaaS web design,B2B website cost guide,
3 Citation assets,saas landing page,US,700,7,2000,,Learn,SaaS web design,Examples roundup from public client work,
3 Citation assets,saas website examples,US,200,7,1200,,Learn,SaaS web design,Examples roundup from public client work,
3 Citation assets,b2b landing page examples,US,300,8,600,,Learn,SaaS web design,Examples roundup from public client work,
3 Citation assets,generative engine optimization,US,7200,1,4300,11,Learn,AEO/GEO & SEO,GEO guide,"Big brands own the definition: write for citations, not for a top-3 rank"
3 Citation assets,answer engine optimization,US,5000,40,3100,6,Learn,AEO/GEO & SEO,AEO vs GEO vs SEO guide,KD 40 is the hardest term in the set
3 Citation assets,ai visibility checker,US,1900,2,900,12,Tool,AEO/GEO & SEO,Free AEO scan page,SERP not yet checked
4 Later: regions,webflow agentur,DE,800,0,250,,Hire,Webflow build,German page (later),
4 Later: regions,geo agentur,DE,1600,26,600,,Hire,AEO/GEO & SEO,German page (later),
4 Later: regions,webflow agentur deutschland,DE,150,,,,Hire,Webflow build,German page (later),
4 Later: regions,aeo agentur,DE,150,0,,,Hire,AEO/GEO & SEO,German page (later),
4 Later: regions,aeo agency uk,GB,400,0,,,Hire,AEO/GEO & SEO,UK page (later),
4 Later: regions,webflow developer uk,GB,200,,,,Hire,Webflow build,UK page (later),
4 Later: regions,webflow agency,GB,900,0,10,,Hire,Webflow build,UK page (later),
4 Later: regions,agencia webflow,ES,60,,,,Hire,Webflow build,Spanish page (later),Spain is almost empty; Denmark and Canada are not researched yet
